week,hadith,note
1,"عَنْ حُذَيْفَةَ قَالَ كَانَ النَّبِي إِذَا أَخَذَ مَضْجَعَهُ مِنَ اللَّيْلِ وَضَعَ يَدَهُ تَحْتَ خَدِّهِ ثُمَّ يَقُولُ «اللَّهُمَّ بِاسْمِكَ أَمُوتُ وَأَحْيَا ، وَإِذَا اسْتَيْقَظَ قَالَ « الْحَمْدُ لِلَّهِ الَّذِى أَحْيَانَا بَعْدَ مَا أَمَاتَنَا وَإِلَيْهِ النُّشُورُ » » (البخاري 5966)",
2,"عَنْ حُذَيْفَةَ قَالَ كَانَ النَّبِي إِذَا أَخَذَ مَضْجَعَهُ مِنَ اللَّيْلِ وَضَعَ يَدَهُ تَحْتَ خَدِّهِ ثُمَّ يَقُولُ «اللَّهُمَّ بِاسْمِكَ أَمُوتُ وَأَحْيَا ، وَإِذَا اسْتَيْقَظَ قَالَ « الْحَمْدُ لِلَّهِ الَّذِى أَحْيَانَا بَعْدَ مَا أَمَاتَنَا وَإِلَيْهِ النُّشُورُ » » (البخاري 5966)",
3,"عَنْ أَنَسِ بْنِ مَالِكٍ - رضى الله عنه - قَالَ كَانَ النَّبِىُّ - صلى الله عليه وسلم - إِذَا دَخَلَ الْخَلاَءَ قَالَ « اللَّهُمَّ إِنِّى أَعُوذُ بِكَ مِنَ الْخُبُثِ وَالْخَبَائِثِ » (البخاري 5963)",
4,"عَنْ أَبِى بُرْدَةَ بْنِ أَبِى مُوسَى الأَشْعَرِىِّ عَنْ أَبِيهِ عَنِ النَّبِىِّ -صلى الله عليه وسلم- أَنَّهُ كَانَ يَدْعُو بِهَذَا الدُّعَاءِ « اللَّهُمَّ اغْفِرْ لِى خَطِيئَتِى وَجَهْلِى وَإِسْرَافِى فِى أَمْرِى وَمَا أَنْتَ أَعْلَمُ بِهِ مِنِّى اللَّهُمَّ اغْفِرْ لِى جِدِّى وَهَزْلِى وَخَطَئِى وَعَمْدِى وَكُلُّ ذَلِكَ عِنْدِى اللَّهُمَّ اغْفِرْ لِى مَا قَدَّمْتُ وَمَا أَخَّرْتُ وَمَا أَسْرَرْتُ وَمَا أَعْلَنْتُ وَمَا أَنْتَ أَعْلَمُ بِهِ مِنِّى أَنْتَ الْمُقَدِّمُ وَأَنْتَ الْمُؤَخِّرُ وَأَنْتَ عَلَى كُلِّ شَىْءٍ قَدِيرٌ ». (مسلم 2719)",
5,"عَنْ أَبِى بُرْدَةَ بْنِ أَبِى مُوسَى الأَشْعَرِىِّ عَنْ أَبِيهِ عَنِ النَّبِىِّ -صلى الله عليه وسلم- أَنَّهُ كَانَ يَدْعُو بِهَذَا الدُّعَاءِ « اللَّهُمَّ اغْفِرْ لِى خَطِيئَتِى وَجَهْلِى وَإِسْرَافِى فِى أَمْرِى وَمَا أَنْتَ أَعْلَمُ بِهِ مِنِّى اللَّهُمَّ اغْفِرْ لِى جِدِّى وَهَزْلِى وَخَطَئِى وَعَمْدِى وَكُلُّ ذَلِكَ عِنْدِى اللَّهُمَّ اغْفِرْ لِى مَا قَدَّمْتُ وَمَا أَخَّرْتُ وَمَا أَسْرَرْتُ وَمَا أَعْلَنْتُ وَمَا أَنْتَ أَعْلَمُ بِهِ مِنِّى أَنْتَ الْمُقَدِّمُ وَأَنْتَ الْمُؤَخِّرُ وَأَنْتَ عَلَى كُلِّ شَىْءٍ قَدِيرٌ ». (مسلم 2719)",
6,"عَنْ كَعْبِ بْنِ عُجْرَةَ عَنْ رَسُولِ اللَّهِ -صلى الله عليه وسلم- قَالَ « مُعَقِّبَاتٌ لاَ يَخِيبُ قَائِلُهُنَّ - أَوْ فَاعِلُهُنَّ - دُبُرَ كُلِّ صَلاَةٍ مَكْتُوبَةٍ ثَلاَثٌ وَثَلاَثُونَ تَسْبِيحَةً وَثَلاَثٌ وَثَلاَثُونَ تَحْمِيدَةً وَأَرْبَعٌ وَثَلاَثُونَ تَكْبِيرَةً ». (مسلم 596)",
7,"عَنْ أَبِى هُرَيْرَةَ أَنَّ رَسُولَ اللَّهِ -صلى الله عليه وسلم- كَانَ يَقُولُ فِى سُجُودِهِ « اللَّهُمَّ اغْفِرْ لِى ذَنْبِى كُلَّهُ دِقَّهُ وَجِلَّهُ وَأَوَّلَهُ وَآخِرَهُ وَعَلاَنِيَتَهُ وَسِرَّهُ ». (مسلم 483)",
8,"عَنْ أَبِى قَتَادَةَ السَّلَمِىِّ أَنَّ رَسُولَ اللَّهِ - صلى الله عليه وسلم - قَالَ « إِذَا دَخَلَ أَحَدُكُمُ الْمَسْجِدَ فَلْيَرْكَعْ رَكْعَتَيْنِ قَبْلَ أَنْ يَجْلِسَ » (البخاري 433)",
9,"عَنْ أَبِى هُرَيْرَةَ - رضى الله عنه - عَنِ النَّبِىِّ - صلى الله عليه وسلم - قَالَ « لاَ يَتَقَدَّمَنَّ أَحَدُكُمْ رَمَضَانَ بِصَوْمِ يَوْمٍ أَوْ يَوْمَيْنِ ، إِلاَّ أَنْ يَكُونَ رَجُلٌ كَانَ يَصُومُ صَوْمَهُ فَلْيَصُمْ ذَلِكَ الْيَوْمَ » . (البخاري 1815)",
10,"ابْنُ أَبِى أَنَسٍ مَوْلَى التَّيْمِيِّينَ أَنَّ أَبَاهُ حَدَّثَهُ أَنَّهُ سَمِعَ أَبَا هُرَيْرَةَ - رضى الله عنه - يَقُولُ قَالَ رَسُولُ اللَّهِ - صلى الله عليه وسلم - « إِذَا دَخَلَ شَهْرُ رَمَضَانَ فُتِّحَتْ أَبْوَابُ السَّمَاءِ ، وَغُلِّقَتْ أَبْوَابُ جَهَنَّمَ ، وَسُلْسِلَتِ الشَّيَاطِينُ » (البخاري 1800)",
11,"عَنْ سَهْلٍ - رضى الله عنه - عَنِ النَّبِىِّ - صلى الله عليه وسلم - قَالَ « إِنَّ فِى الْجَنَّةِ بَابًا يُقَالُ لَهُ الرَّيَّانُ ، يَدْخُلُ مِنْهُ الصَّائِمُونَ يَوْمَ الْقِيَامَةِ ، لاَ يَدْخُلُ مِنْهُ أَحَدٌ غَيْرُهُمْ يُقَالُ أَيْنَ الصَّائِمُونَ فَيَقُومُونَ ، لاَ يَدْخُلُ مِنْهُ أَحَدٌ غَيْرُهُمْ ، فَإِذَا دَخَلُوا أُغْلِقَ ، فَلَمْ يَدْخُلْ مِنْهُ أَحَدٌ » (البخاري 1797)",
12,"عَنْ أَبِى هُرَيْرَةَ أَنَّ رَسُولَ اللَّهِ -صلى الله عليه وسلم- كَانَ يَقُولُ « الصَّلَوَاتُ الْخَمْسُ وَالْجُمُعَةُ إِلَى الْجُمُعَةِ وَرَمَضَانُ إِلَى رَمَضَانَ مُكَفِّرَاتٌ مَا بَيْنَهُنَّ إِذَا اجْتَنَبَ الْكَبَائِرَ ». (مسلم 233)",
13,"عَنْ أَبِى هُرَيْرَةَ - رضى الله عنه - قَالَ قَالَ رَسُولُ اللَّهِ - صلى الله عليه وسلم - « مَنْ لَمْ يَدَعْ قَوْلَ الزُّورِ وَالْعَمَلَ بِهِ فَلَيْسَ لِلَّهِ حَاجَةٌ فِى أَنْ يَدَعَ طَعَامَهُ وَشَرَابَهُ » (البخاري 1844)",
14,"عَنْ أَبِى هُرَيْرَةَ أَنَّ رَجُلاً قَالَ لِلنَّبِىِّ -صلى الله عليه وسلم- إِنَّ أَبِى مَاتَ وَتَرَكَ مَالاً وَلَمْ يُوصِ فَهَلْ يُكَفِّرُ عَنْهُ أَنْ أَتَصَدَّقَ عَنْهُ قَالَ « نَعَمْ ». (مسلم 1630)",
15,"عَنْ بَعْضِ أَزْوَاجِ النَّبِىِّ -صلى الله عليه وسلم- عَنِ النَّبِىِّ -صلى الله عليه وسلم- قَالَ « مَنْ أَتَى عَرَّافًا فَسَأَلَهُ عَنْ شَىْءٍ لَمْ تُقْبَلْ لَهُ صَلاَةٌ أَرْبَعِينَ لَيْلَةً ». (مسلم 2230)",
16,"عَنْ أَبِى هُرَيْرَةَ - رضى الله عنه - قَالَ سَمِعْتُ رَسُولَ اللَّهِ - صلى الله عليه وسلم - يَقُولُ « إِنَّ اللَّهَ خَلَقَ الرَّحْمَةَ يَوْمَ خَلَقَهَا مِائَةَ رَحْمَةٍ ، فَأَمْسَكَ عِنْدَهُ تِسْعًا وَتِسْعِينَ رَحْمَةً ، وَأَرْسَلَ فِى خَلْقِهِ كُلِّهِمْ رَحْمَةً وَاحِدَةً ، فَلَوْ يَعْلَمُ الْكَافِرُ بِكُلِّ الَّذِى عِنْدَ اللَّهِ مِنَ الرَّحْمَةِ لَمْ يَيْأَسْ مِنَ الْجَنَّةِ ، وَلَوْ يَعْلَمُ الْمُؤْمِنُ بِكُلِّ الَّذِى عِنْدَ اللَّهِ مِنَ الْعَذَابِ لَمْ يَأْمَنْ مِنَ النَّارِ » . (البخاري 6104)",
17,"عَنْ أَبِى هُرَيْرَةَ قَالَ قَالَ أَبُو الْقَاسِمِ -صلى الله عليه وسلم- « إِنَّ فِى الْجُمُعَةِ لَسَاعَةً لاَ يُوَافِقُهَا مُسْلِمٌ قَائِمٌ يُصَلِّى يَسْأَلُ اللَّهَ خَيْرًا إِلاَّ أَعْطَاهُ إِيَّاهُ ». وَقَالَ بِيَدِهِ يُقَلِّلُهَا يُزَهِّدُهَا. (مسلم 852)",
18,"عَنْ عَائِشَةَ - رضى الله عنها - عَنِ النَّبِىِّ - صلى الله عليه وسلم - قَالَ « مَنْ نَذَرَ أَنْ يُطِيعَ اللَّهَ فَلْيُطِعْهُ ، وَمَنْ نَذَرَ أَنْ يَعْصِيَهُ فَلاَ يَعْصِهِ » (البخاري 6318)",
19,"عَنِ ابْنِ عُمَرَ - رضى الله عنهما - عَنِ النَّبِىِّ - صلى الله عليه وسلم - قَالَ « السَّمْعُ وَالطَّاعَةُ حَقٌّ ، مَا لَمْ يُؤْمَرْ بِالْمَعْصِيَةِ ، فَإِذَا أُمِرَ بِمَعْصِيَةٍ فَلاَ سَمْعَ وَلاَ طَاعَةَ » (البخاري 2796)",
20,"عَنْ أَبِى بَكْرِ بْنِ أَبِى مُوسَى عَنْ أَبِيهِ أَنَّ رَسُولَ اللَّهِ - صلى الله عليه وسلم - قَالَ « مَنْ صَلَّى الْبَرْدَيْنِ دَخَلَ الْجَنَّةَ » (البخاري 548) ( البردين ) ", صلاة الفجر وصلاة العصر سميا بذلك لأنهما يفعلان في بردي النهار وهما طرفاه حين يطيب الهواء
21,"عَنْ زَيْدِ بْنِ أَرْقَمَ قَالَ لاَ أَقُولُ لَكُمْ إِلاَّ كَمَا كَانَ رَسُولُ اللَّهِ -صلى الله عليه وسلم- يَقُولُ كَانَ يَقُولُ « اللَّهُمَّ إِنِّى أَعُوذُ بِكَ مِنَ الْعَجْزِ وَالْكَسَلِ وَالْجُبْنِ وَالْبُخْلِ وَالْهَرَمِ وَعَذَابِ الْقَبْرِ اللَّهُمَّ آتِ نَفْسِى تَقْوَاهَا وَزَكِّهَا أَنْتَ خَيْرُ مَنْ زَكَّاهَا أَنْتَ وَلِيُّهَا وَمَوْلاَهَا اللَّهُمَّ إِنِّى أَعُوذُ بِكَ مِنْ عِلْمٍ لاَ يَنْفَعُ وَمِنْ قَلْبٍ لاَ يَخْشَعُ وَمِنْ نَفْسٍ لاَ تَشْبَعُ وَمِنْ دَعْوَةٍ لاَ يُسْتَجَابُ لَهَا ». (مسلم 2722)",
22,"عَنْ أَبِى هُرَيْرَةَ أَنَّ رَسُولَ اللَّهِ -صلى الله عليه وسلم- قَالَ « الْعُمْرَةُ إِلَى الْعُمْرَةِ كَفَّارَةٌ لِمَا بَيْنَهُمَا وَالْحَجُّ الْمَبْرُورُ لَيْسَ لَهُ جَزَاءٌ إِلاَّ الْجَنَّةُ ». (مسلم 1349)",
23,"عَنْ عَائِشَةَ - رضى الله عنها - أَنَّهَا قَالَتْ كَانَ النَّبِىُّ - صلى الله عليه وسلم - يُكْثِرُ أَنْ يَقُولَ فِى رُكُوعِهِ وَسُجُودِهِ « سُبْحَانَكَ اللَّهُمَّ رَبَّنَا وَبِحَمْدِكَ ، اللَّهُمَّ اغْفِرْ لِى » يَتَأَوَّلُ الْقُرْآنَ (البخاري 784)", ( يتأول القرآن ) يفعل ما أمر به بمثل قوله تعالى { فسبح بحمد ربك واستغفره } / النصر 3 / ]
24,"أَبُو بُرْدَةَ عَنْ أَبِيهِ أَبِى مُوسَى الأَشْعَرِىِّ - رضى الله عنه - قَالَ قَالَ النَّبِىَّ - صلى الله عليه وسلم - « الْخَازِنُ الأَمِينُ الَّذِى يُؤَدِّى مَا أُمِرَ بِهِ طَيِّبَةً نَفْسُهُ أَحَدُ الْمُتَصَدِّقَيْنِ » . (البخاري 2141)",
25,"عَنْ أَبِى هُرَيْرَةَ أَنَّ رَسُولَ اللَّهِ -صلى الله عليه وسلم- قَالَ « مَنْ قَالَ لاَ إِلَهَ إِلاَّ اللَّهُ وَحْدَهُ لاَ شَرِيكَ لَهُ لَهُ الْمُلْكُ وَلَهُ الْحَمْدُ وَهُوَ عَلَى كُلِّ شَىْءٍ قَدِيرٌ. فِى يَوْمٍ مِائَةَ مَرَّةٍ. كَانَتْ لَهُ عَدْلَ عَشْرِ رِقَابٍ وَكُتِبَتْ لَهُ مِائَةُ حَسَنَةٍ وَمُحِيَتْ عَنْهُ مِائَةُ سَيِّئَةٍ وَكَانَتْ لَهُ حِرْزًا مِنَ الشَّيْطَانِ يَوْمَهُ ذَلِكَ حَتَّى يُمْسِىَ وَلَمْ يَأْتِ أَحَدٌ أَفْضَلَ مِمَّا جَاءَ بِهِ إِلاَّ أَحَدٌ عَمِلَ أَكْثَرَ مِنْ ذَلِكَ. وَمَنْ قَالَ سُبْحَانَ اللَّهِ وَبِحَمْدِهِ فِى يَوْمٍ مِائَةَ مَرَّةٍ حُطَّتْ خَطَايَاهُ وَلَوْ كَانَتْ مِثْلَ زَبَدِ الْبَحْرِ ». (مسلم 2691)",
26,"عَنْ جَابِرِ بْنِ عَبْدِ اللَّهِ قَالَ كَانَ رَسُولُ اللَّهِ -صلى الله عليه وسلم- إِذَا خَطَبَ احْمَرَّتْ عَيْنَاهُ وَعَلاَ صَوْتُهُ وَاشْتَدَّ غَضَبُهُ حَتَّى كَأَنَّهُ مُنْذِرُ جَيْشٍ يَقُولُ « صَبَّحَكُمْ وَمَسَّاكُمْ ». وَيَقُولُ « بُعِثْتُ أَنَا وَالسَّاعَةَ كَهَاتَيْنِ ». وَيَقْرُنُ بَيْنَ إِصْبَعَيْهِ السَّبَّابَةِ وَالْوُسْطَى وَيَقُولُ « أَمَّا بَعْدُ فَإِنَّ خَيْرَ الْحَدِيثِ كِتَابُ اللَّهِ وَخَيْرُ الْهُدَى هُدَى مُحَمَّدٍ وَشَرُّ الأُمُورِ مُحْدَثَاتُهَا وَكُلُّ بِدْعَةٍ ضَلاَلَةٌ ». ثُمَّ يَقُولُ « أَنَا أَوْلَى بِكُلِّ مُؤْمِنٍ مِنْ نَفْسِهِ مَنْ تَرَكَ مَالاً فَلأَهْلِهِ وَمَنْ تَرَكَ دَيْنًا أَوْ ضَيَاعًا فَإِلَىَّ وَعَلَىَّ ». (مسلم 867)",
27,"عَنِ ابْنِ سِيرِينَ سَمِعْتُ أَبَا هُرَيْرَةَ يَقُولُ قَالَ أَبُو الْقَاسِمِ -صلى الله عليه وسلم- « مَنْ أَشَارَ إِلَى أَخِيهِ بِحَدِيدَةٍ فَإِنَّ الْمَلاَئِكَةَ تَلْعَنُهُ حَتَّى وَإِنْ كَانَ أَخَاهُ لأَبِيهِ وَأُمِّهِ ». (مسلم 2616)",
28,"عَنْ عَامِرِ بْنِ سَعْدٍ عَنْ أَبِيهِ قَالَ قَالَ رَسُولُ اللَّهِ -صلى الله عليه وسلم- « إِنَّ أَعْظَمَ الْمُسْلِمِينَ فِى الْمُسْلِمِينَ جُرْمًا مَنْ سَأَلَ عَنْ شَىْءٍ لَمْ يُحَرَّمْ عَلَى الْمُسْلِمِينَ فَحُرِّمَ عَلَيْهِمْ مِنْ أَجْلِ مَسْأَلَتِهِ ». (مسلم 2358)",
29,"أَنَّ أَبَا مَالِكٍ الأَشْعَرِىَّ حَدَّثَهُ أَنَّ النَّبِىَّ -صلى الله عليه وسلم- قَالَ « أَرْبَعٌ فِى أُمَّتِى مِنْ أَمْرِ الْجَاهِلِيَّةِ لاَ يَتْرُكُونَهُنَّ الْفَخْرُ فِى الأَحْسَابِ وَالطَّعْنُ فِى الأَنْسَابِ وَالاِسْتِسْقَاءُ بِالنُّجُومِ وَالنِّيَاحَةُ ». وَقَالَ « النَّائِحَةُ إِذَا لَمْ تَتُبْ قَبْلَ مَوْتِهَا تُقَامُ يَوْمَ الْقِيَامَةِ وَعَلَيْهَا سِرْبَالٌ مِنْ قَطِرَانٍ وَدِرْعٌ مِنْ جَرَبٍ ». (مسلم 934)",
30,"عَنْ جَابِرِ بْنِ عَبْدِ اللَّهِ قَالَ كَانَ رَسُولُ اللَّهِ -صلى الله عليه وسلم- إِذَا خَطَبَ احْمَرَّتْ عَيْنَاهُ وَعَلاَ صَوْتُهُ وَاشْتَدَّ غَضَبُهُ حَتَّى كَأَنَّهُ مُنْذِرُ جَيْشٍ يَقُولُ « صَبَّحَكُمْ وَمَسَّاكُمْ ». وَيَقُولُ « بُعِثْتُ أَنَا وَالسَّاعَةَ كَهَاتَيْنِ ». وَيَقْرُنُ بَيْنَ إِصْبَعَيْهِ السَّبَّابَةِ وَالْوُسْطَى وَيَقُولُ « أَمَّا بَعْدُ فَإِنَّ خَيْرَ الْحَدِيثِ كِتَابُ اللَّهِ وَخَيْرُ الْهُدَى هُدَى مُحَمَّدٍ وَشَرُّ الأُمُورِ مُحْدَثَاتُهَا وَكُلُّ بِدْعَةٍ ضَلاَلَةٌ ». ثُمَّ يَقُولُ « أَنَا أَوْلَى بِكُلِّ مُؤْمِنٍ مِنْ نَفْسِهِ مَنْ تَرَكَ مَالاً فَلأَهْلِهِ وَمَنْ تَرَكَ دَيْنًا أَوْ ضَيَاعًا فَإِلَىَّ وَعَلَىَّ ». (مسلم 867)",
31,"عَنْ عَبْدِ اللَّهِ بْنِ عَمْرِو بْنِ الْعَاصِ قَالَ سَمِعْتُ رَسُولَ اللَّهِ - صلى الله عليه وسلم - يَقُولُ « إِنَّ اللَّهَ لاَ يَقْبِضُ الْعِلْمَ انْتِزَاعًا ، يَنْتَزِعُهُ مِنَ الْعِبَادِ ، وَلَكِنْ يَقْبِضُ الْعِلْمَ بِقَبْضِ الْعُلَمَاءِ ، حَتَّى إِذَا لَمْ يُبْقِ عَالِمًا ، اتَّخَذَ النَّاسُ رُءُوسًا جُهَّالاً فَسُئِلُوا ، فَأَفْتَوْا بِغَيْرِ عِلْمٍ ، فَضَلُّوا وَأَضَلُّو » (البخاري 100)",
32,"عَنْ أَنَسِ بْنِ مَالِكٍ قَالَ قَالَ رَسُولُ اللَّهِ -صلى الله عليه وسلم- « إِذَا رَقَدَ أَحَدُكُمْ عَنِ الصَّلاَةِ أَوْ غَفَلَ عَنْهَا فَلْيُصَلِّهَا إِذَا ذَكَرَهَا فَإِنَّ اللَّهَ يَقُولُ أَقِمِ الصَّلاَةَ لِذِكْرِى ». (مسلم 684)",
33,"عَنْ أُمِّ سَلَمَةَ قَالَتْ قَالَ رَسُولُ اللَّهِ -صلى الله عليه وسلم- « إِذَا حَضَرْتُمُ الْمَرِيضَ أَوِ الْمَيِّتَ فَقُولُوا خَيْرًا فَإِنَّ الْمَلاَئِكَةَ يُؤَمِّنُونَ عَلَى مَا تَقُولُونَ ». قَالَتْ فَلَمَّا مَاتَ أَبُو سَلَمَةَ أَتَيْتُ النَّبِىَّ -صلى الله عليه وسلم- فَقُلْتُ يَا رَسُولَ اللَّهِ إِنَّ أَبَا سَلَمَةَ قَدْ مَاتَ قَالَ « قُولِى اللَّهُمَّ اغْفِرْ لِى وَلَهُ وَأَعْقِبْنِى مِنْهُ عُقْبَى حَسَنَةً ». قَالَتْ فَقُلْتُ فَأَعْقَبَنِى اللَّهُ مَنْ هُوَ خَيْرٌ لِى مِنْهُ مُحَمَّدًا -صلى الله عليه وسلم-. (مسلم 919)", أعقب : بدل وعوض
34,"عَنْ عَبْدِ اللَّهِ قَالَ قَالَ رَسُولُ اللَّهِ -صلى الله عليه وسلم- « إِذَا كُنْتُمْ ثَلاَثَةً فَلاَ يَتَنَاجَى اثْنَانِ دُونَ صَاحِبِهِمَا فَإِنَّ ذَلِكَ يُحْزِنُهُ ». (مسلم 2184)",
35,"عَنْ أَبِى هُرَيْرَةَ - رضى الله عنه - أَنَّ رَجُلاً قَالَ لِلنَّبِىِّ - صلى الله عليه وسلم - أَوْصِنِى . قَالَ « لاَ تَغْضَبْ » . فَرَدَّدَ مِرَارًا ، قَالَ « لاَ تَغْضَبْ » (البخاري 5765)",
36,"عَنْ مُحَمَّدِ بْنِ عَمْرِو بْنِ عَطَاءٍ قَالَ سَمَّيْتُ ابْنَتِى بَرَّةَ فَقَالَتْ لِى زَيْنَبُ بِنْتُ أَبِى سَلَمَةَ إِنَّ رَسُولَ اللَّهِ -صلى الله عليه وسلم- نَهَى عَنْ هَذَا الاِسْمِ وَسُمِّيتُ بَرَّةَ فَقَالَ رَسُولُ اللَّهِ -صلى الله عليه وسلم- « لاَ تُزَكُّوا أَنْفُسَكُمُ اللَّهُ أَعْلَمُ بِأَهْلِ الْبِرِّ مِنْكُمْ ». فَقَالُوا بِمَ نُسَمِّيهَا قَالَ « سَمُّوهَا زَيْنَبَ ».  (مسلم 2142)",
37,"عَنْ أَبِى هُرَيْرَةَ رضى الله عنه قَالَ أَوْصَانِى خَلِيلِى بِثَلاَثٍ لاَ أَدَعُهُنَّ حَتَّى أَمُوتَ صَوْمِ ثَلاَثَةِ أَيَّامٍ مِنْ كُلِّ شَهْرٍ ، وَصَلاَةِ الضُّحَى ، وَنَوْمٍ عَلَى وِتْرٍ . (البخاري 1124)",
38,"عَنِ ابْنِ عُمَرَ أَنَّ رَسُولَ اللَّهِ - صلى الله عليه وسلم - قَالَ « إِنَّ الْغَادِرَ يُنْصَبُ لَهُ لِوَاءٌ يَوْمَ الْقِيَامَةِ ، فَيُقَالُ هَذِهِ غَدْرَةُ فُلاَنِ بْنِ فُلاَنٍ » . (البخاري 5824)",
39,"عَنْ أَبِى هُرَيْرَةَ عَنِ النَّبِىِّ - صلى الله عليه وسلم - قَالَ « إِنَّ الْعَبْدَ لَيَتَكَلَّمُ بِالْكَلِمَةِ مِنْ رِضْوَانِ اللَّهِ لاَ يُلْقِى لَهَا بَالاً ، يَرْفَعُ اللَّهُ بِهَا دَرَجَاتٍ ، وَإِنَّ الْعَبْدَ لَيَتَكَلَّمُ بِالْكَلِمَةِ مِنْ سَخَطِ اللَّهِ لاَ يُلْقِى لَهَا بَالاً يَهْوِى بِهَا فِى جَهَنَّمَ » ( البخاري 6113)",
40,"عَنْ أَبِى وَائِلٍ قَالَ كُنْتُ جَالِسًا مَعَ عَبْدِ اللَّهِ وَأَبِى مُوسَى فَقَالاَ قَالَ رَسُولُ اللَّهِ -صلى الله عليه وسلم- « إِنَّ بَيْنَ يَدَىِ السَّاعَةِ أَيَّامًا يُرْفَعُ فِيهَا الْعِلْمُ وَيَنْزِلُ فِيهَا الْجَهْلُ وَيَكْثُرُ فِيهَا الْهَرْجُ وَالْهَرْجُ الْقَتْلُ ». (مسلم 2672)", الهرج : القتل والفتن واضطراب الأمور
41," عَنْ أَنَسِ بْنِ مَالِكٍ قَالَ قَالَ رَسُولُ اللَّهِ -صلى الله عليه وسلم- « إِنَّ اللَّهَ لاَ يَظْلِمُ مُؤْمِنًا حَسَنَةً يُعْطَى بِهَا فِى الدُّنْيَا وَيُجْزَى بِهَا فِى الآخِرَةِ وَأَمَّا الْكَافِرُ فَيُطْعَمُ بِحَسَنَاتِ مَا عَمِلَ بِهَا لِلَّهِ فِى الدُّنْيَا حَتَّى إِذَا أَفْضَى إِلَى الآخِرَةِ لَمْ تَكُنْ لَهُ حَسَنَةٌ يُجْزَى بِهَا ».",  [ ( إن الله لا يظلم مؤمنا حسنة ) معناه لا يترك مجازاته بشيء من حسناته والظلم يطلق بمعنى النقص ( أفضى إلى الآخرة ) أي صار إليها ]  (مسلم 2808)
42,"عَنْ عُبَادَةَ بْنِ الْوَلِيدِ بْنِ عُبَادَةَ بْنِ الصَّامِتِ قَالَ خَرَجْتُ أَنَا وَأَبِى نَطْلُبُ الْعِلْمَ فِى هَذَا الْحَىِّ مِنَ الأَنْصَارِ قَبْلَ أَنْ يَهْلِكُوا فَكَانَ أَوَّلُ مَنْ لَقِينَا أَبَا الْيَسَرِ صَاحِبَ رَسُولِ اللَّهِ -صلى الله عليه وسلم- وَمَعَهُ غُلاَمٌ لَهُ مَعَهُ ضِمَامَةٌ مِنْ صُحُفٍ وَعَلَى أَبِى الْيَسَرِ بُرْدَةٌ وَمَعَافِرِىٌّ وَعَلَى غُلاَمِهِ بُرْدَةٌ وَمَعَافِرِىٌّ فَقَالَ لَهُ أَبِى يَا عَمِّ إِنِّى أَرَى فِى وَجْهِكَ سَفْعَةً مِنْ غَضَبٍ. قَالَ أَجَلْ كَانَ لِى عَلَى فُلاَنِ بْنِ فُلاَنٍ الْحَرَامِىِّ مَالٌ فَأَتَيْتُ أَهْلَهُ فَسَلَّمْتُ فَقُلْتُ ثَمَّ هُوَ قَالُوا لاَ. فَخَرَجَ عَلَىَّ ابْنٌ لَهُ جَفْرٌ فَقُلْتُ لَهُ أَيْنَ أَبُوكَ قَالَ سَمِعَ صَوْتَكَ فَدَخَلَ أَرِيكَةَ أُمِّى. فَقُلْتُ اخْرُجْ إِلَىَّ فَقَدْ عَلِمْتُ أَيْنَ أَنْتَ. فَخَرَجَ فَقُلْتُ مَا حَمَلَكَ عَلَى أَنِ اخْتَبَأْتَ مِنِّى قَالَ أَنَا وَاللَّهِ أُحَدِّثُكَ ثُمَّ لاَ أَكْذِبُكَ خَشِيتُ وَاللَّهِ أَنْ أُحَدِّثَكَ فَأَكْذِبَكَ وَأَنْ أَعِدَكَ فَأُخْلِفَكَ وَكُنْتَ صَاحِبَ رَسُولِ اللَّهِ -صلى الله عليه وسلم- وَكُنْتُ وَاللَّهِ مُعْسِرًا. قَالَ قُلْتُ آللَّهِ. قَالَ اللَّهِ. قُلْتُ آللَّهِ. قَالَ اللَّهِ . قُلْتُ آللَّهِ. قَالَ اللَّهِ. قَالَ فَأَتَى بِصَحِيفَتِهِ فَمَحَاهَا بِيَدِهِ فَقَالَ إِنْ وَجَدْتَ قَضَاءً فَاقْضِنِى وَإِلاَّ أَنْتَ فِى حِلٍّ فَأَشْهَدُ بَصَرُ عَيْنَىَّ هَاتَيْنِ - وَوَضَعَ إِصْبَعَيْهِ عَلَى عَيْنَيْهِ - وَسَمْعُ أُذُنَىَّ هَاتَيْنِ وَوَعَاهُ قَلْبِى هَذَا - وَأَشَارَ إِلَى مَنَاطِ قَلْبِهِ - رَسُولَ اللَّهِ -صلى الله عليه وسلم- وَهُوَ يَقُولُ « مَنْ أَنْظَرَ مُعْسِرًا أَوْ وَضَعَ عَنْهُ أَظَلَّهُ اللَّهُ فِى ظِلِّهِ ». قَالَ فَقُلْتُ لَهُ أَنَا يَا عَمِّ لَوْ أَنَّكَ أَخَذْتَ بُرْدَةَ غُلاَمِكَ وَأَعْطَيْتَهُ مَعَافِرِيَّكَ وَأَخَذْتَ مَعَافِرِيَّهُ وَأَعْطَيْتَهُ بُرْدَتَكَ فَكَانَتْ عَلَيْكَ حُلَّةٌ وَعَلَيْهِ حُلَّةٌ . فَمَسَحَ رَأْسِى وَقَالَ اللَّهُمَّ بَارِكْ فِيهِ يَا ابْنَ أَخِى بَصَرُ عَيْنَىَّ هَاتَيْنِ وَسَمْعُ أُذُنَىَّ هَاتَيْنِ وَوَعَاهُ قَلْبِى هَذَا - وَأَشَارَ إِلَى مَنَاطِ قَلْبِهِ - رَسُولَ اللَّهِ -صلى الله عليه وسلم- وَهُوَ يَقُولُ « أَطْعِمُوهُمْ مِمَّا تَأْكُلُونَ وَأَلْبِسُوهُمْ مِمَّا تَلْبَسُونَ ». وَكَانَ أَنْ أَعْطَيْتُهُ مِنْ مَتَاعِ الدُّنْيَا أَهْوَنَ عَلَىَّ مِنْ أَنْ يَأْخُذَ مِنْ حَسَنَاتِى يَوْمَ الْقِيَامَةِ. (مسلم 3006)",
43,"عَنِ ابْنِ عَبَّاسٍ - رضى الله عنهما - قَالَ كَانَ النَّبِىُّ - صلى الله عليه وسلم - يَدْعُو عِنْدَ الْكَرْبِ « لاَ إِلَهَ إِلاَّ اللَّهُ الْعَظِيمُ الْحَلِيمُ ، لاَ إِلَهَ إِلاَّ اللَّهُ رَبُّ السَّمَوَاتِ وَالأَرْضِ ، رَبُّ الْعَرْشِ الْعَظِيمِ »  (البخاري 5985)",
44,"عَنْ أَبِى ذَرٍّ أَنَّ رَسُولَ اللَّهِ -صلى الله عليه وسلم- سُئِلَ أَىُّ الْكَلاَمِ أَفْضَلُ قَالَ « مَا اصْطَفَى اللَّهُ لِمَلاَئِكَتِهِ أَوْ لِعِبَادِهِ سُبْحَانَ اللَّهِ وَبِحَمْدِهِ ». (مسلم 2731)",
45,"عن عَطَاءِ بْنِ يَسَارٍ أَنَّهُ سَمِعَ أَبَا سَعِيدٍ الْخُدْرِىَّ - رضى الله عنه - يُحَدِّثُ أَنَّ النَّبِىَّ - صلى الله عليه وسلم - جَلَسَ ذَاتَ يَوْمٍ عَلَى الْمِنْبَرِ وَجَلَسْنَا حَوْلَهُ فَقَالَ « إِنِّى مِمَّا أَخَافُ عَلَيْكُمْ مِنْ بَعْدِى مَا يُفْتَحُ عَلَيْكُمْ مِنْ زَهْرَةِ الدُّنْيَا وَزِينَتِهَا » . فَقَالَ رَجُلٌ يَا رَسُولَ اللَّهِ أَوَيَأْتِى الْخَيْرُ بِالشَّرِّ فَسَكَتَ النَّبِىُّ - صلى الله عليه وسلم - فَقِيلَ لَهُ مَا شَأْنُكَ تُكَلِّمُ النَّبِىَّ - صلى الله عليه وسلم - وَلاَ يُكَلِّمُكَ فَرَأَيْنَا أَنَّهُ يُنْزَلُ عَلَيْهِ . قَالَ - فَمَسَحَ عَنْهُ الرُّحَضَاءَ فَقَالَ « أَيْنَ السَّائِلُ » وَكَأَنَّهُ حَمِدَهُ . فَقَالَ « إِنَّهُ لاَ يَأْتِى الْخَيْرُ بِالشَّرِّ ، وَإِنَّ مِمَّا يُنْبِتُ الرَّبِيعُ يَقْتُلُ أَوْ يُلِمُّ إِلاَّ آكِلَةَ الْخَضْرَاءِ ، أَكَلَتْ حَتَّى إِذَا امْتَدَّتْ خَاصِرَتَاهَا اسْتَقْبَلَتْ عَيْنَ الشَّمْسِ ، فَثَلَطَتْ وَبَالَتْ وَرَتَعَتْ ، وَإِنَّ هَذَا الْمَالَ خَضِرَةٌ حُلْوَةٌ ، فَنِعْمَ صَاحِبُ الْمُسْلِمِ مَا أَعْطَى مِنْهُ الْمِسْكِينَ وَالْيَتِيمَ وَابْنَ السَّبِيلِ - أَوْ كَمَا قَالَ النَّبِىُّ - صلى الله عليه وسلم - - وَإِنَّهُ مَنْ يَأْخُذُهُ بِغَيْرِ حَقِّهِ كَالَّذِى يَأْكُلُ وَلاَ يَشْبَعُ ، وَيَكُونُ شَهِيدًا عَلَيْهِ يَوْمَ الْقِيَامَةِ » (البخاري 1396)",
46,"عَنْ أَبِى هُرَيْرَةَ - رضى الله عنه - قَالَ قَالَ رَسُولُ اللَّهِ - صلى الله عليه وسلم - « كُلُّ سُلاَمَى مِنَ النَّاسِ عَلَيْهِ صَدَقَةٌ ، كُلَّ يَوْمٍ تَطْلُعُ فِيهِ الشَّمْسُ يَعْدِلُ بَيْنَ النَّاسِ صَدَقَةٌ » . (رواه البخاري 2560)",
47,"عَنْ أَبِى ذَرٍّ عَنِ النَّبِىِّ -صلى الله عليه وسلم- فِيمَا رَوَى عَنِ اللَّهِ تَبَارَكَ وَتَعَالَى أَنَّهُ قَالَ « يَا عِبَادِى إِنِّى حَرَّمْتُ الظُّلْمَ عَلَى نَفْسِى وَجَعَلْتُهُ بَيْنَكُمْ مُحَرَّمًا فَلاَ تَظَالَمُوا يَا عِبَادِى كُلُّكُمْ ضَالٌّ إِلاَّ مَنْ هَدَيْتُهُ فَاسْتَهْدُونِى أَهْدِكُمْ يَا عِبَادِى كُلُّكُمْ جَائِعٌ إِلاَّ مَنْ أَطْعَمْتُهُ فَاسْتَطْعِمُونِى أُطْعِمْكُمْ يَا عِبَادِى كُلُّكُمْ عَارٍ إِلاَّ مَنْ كَسَوْتُهُ فَاسْتَكْسُونِى أَكْسُكُمْ يَا عِبَادِى إِنَّكُمْ تُخْطِئُونَ بِاللَّيْلِ وَالنَّهَارِ وَأَنَا أَغْفِرُ الذُّنُوبَ جَمِيعًا فَاسْتَغْفِرُونِى أَغْفِرْ لَكُمْ يَا عِبَادِى إِنَّكُمْ لَنْ تَبْلُغُوا ضَرِّى فَتَضُرُّونِى وَلَنْ تَبْلُغُوا نَفْعِى فَتَنْفَعُونِى يَا عِبَادِى لَوْ أَنَّ أَوَّلَكُمْ وَآخِرَكُمْ وَإِنْسَكُمْ وَجِنَّكُمْ كَانُوا عَلَى أَتْقَى قَلْبِ رَجُلٍ وَاحِدٍ مِنْكُمْ مَا زَادَ ذَلِكَ فِى مُلْكِى شَيْئًا يَا عِبَادِى لَوْ أَنَّ أَوَّلَكُمْ وَآخِرَكُمْ وَإِنْسَكُمْ وَجِنَّكُمْ كَانُوا عَلَى أَفْجَرِ قَلْبِ رَجُلٍ وَاحِدٍ مَا نَقَصَ ذَلِكَ مِنْ مُلْكِى شَيْئًا يَا عِبَادِى لَوْ أَنَّ أَوَّلَكُمْ وَآخِرَكُمْ وَإِنْسَكُمْ وَجِنَّكُمْ قَامُوا فِى صَعِيدٍ وَاحِدٍ فَسَأَلُونِى فَأَعْطَيْتُ كُلَّ إِنْسَانٍ مَسْأَلَتَهُ مَا نَقَصَ ذَلِكَ مِمَّا عِنْدِى إِلاَّ كَمَا يَنْقُصُ الْمِخْيَطُ إِذَا أُدْخِلَ الْبَحْرَ يَا عِبَادِى إِنَّمَا هِىَ أَعْمَالُكُمْ أُحْصِيهَا لَكُمْ ثُمَّ أُوَفِّيكُمْ إِيَّاهَا فَمَنْ وَجَدَ خَيْرًا فَلْيَحْمَدِ اللَّهَ وَمَنْ وَجَدَ غَيْرَ ذَلِكَ فَلاَ يَلُومَنَّ إِلاَّ نَفْسَهُ  (مسلم 2577)",
48,"عَنْ أَبِى هُرَيْرَةَ قَالَ كَانَ النَّبِىُّ - صلى الله عليه وسلم - بَارِزًا يَوْمًا لِلنَّاسِ ، فَأَتَاهُ جِبْرِيلُ فَقَالَ مَا الإِيمَانُ قَالَ « الإِيمَانُ أَنْ تُؤْمِنَ بِاللَّهِ وَمَلاَئِكَتِهِ وَبِلِقَائِهِ وَرُسُلِهِ ، وَتُؤْمِنَ بِالْبَعْثِ » . قَالَ مَا الإِسْلاَمُ قَالَ « الإِسْلاَمُ أَنْ تَعْبُدَ اللَّهَ وَلاَ تُشْرِكَ بِهِ ، وَتُقِيمَ الصَّلاَةَ ، وَتُؤَدِّىَ الزَّكَاةَ الْمَفْرُوضَةَ ، وَتَصُومَ رَمَضَانَ » . قَالَ مَا الإِحْسَانُ قَالَ « أَنْ تَعْبُدَ اللَّهَ كَأَنَّكَ تَرَاهُ ، فَإِنْ لَمْ تَكُنْ تَرَاهُ فَإِنَّهُ يَرَاكَ » . قَالَ مَتَى السَّاعَةُ قَالَ « مَا الْمَسْئُولُ عَنْهَا بِأَعْلَمَ مِنَ السَّائِلِ ، وَسَأُخْبِرُكَ عَنْ أَشْرَاطِهَا إِذَا وَلَدَتِ الأَمَةُ رَبَّهَا ، وَإِذَا تَطَاوَلَ رُعَاةُ الإِبِلِ الْبُهْمُ فِى الْبُنْيَانِ ، فِى خَمْسٍ لاَ يَعْلَمُهُنَّ إِلاَّ اللَّهُ » . ثُمَّ تَلاَ النَّبِىُّ - صلى الله عليه وسلم - ( إِنَّ اللَّهَ عِنْدَهُ عِلْمُ السَّاعَةِ ) الآيَةَ . ثُمَّ أَدْبَرَ فَقَالَ « رُدُّوهُ » . فَلَمْ يَرَوْا شَيْئًا . فَقَالَ « هَذَا جِبْرِيلُ جَاءَ يُعَلِّمُ النَّاسَ دِينَهُمْ » . قَالَ أَبُو عَبْدِ اللَّهِ جَعَلَ ذَلِكَ كُلَّهُ مِنَ الإِيمَانِ  (البخاري 4499)",
49,"عَنْ عَبْدِ اللَّهِ - رضى الله عنه - عَنِ النَّبِىِّ - صلى الله عليه وسلم - قَالَ « مَنْ حَلَفَ عَلَى يَمِينٍ يَقْتَطِعُ بِهَا مَالَ امْرِئٍ ، هُوَ عَلَيْهَا فَاجِرٌ ، لَقِىَ اللَّهَ وَهْوَ عَلَيْهِ غَضْبَانُ ، فَأَنْزَلَ اللَّهُ تَعَالَى ( إِنَّ الَّذِينَ يَشْتَرُونَ بِعَهْدِ اللَّهِ وَأَيْمَانِهِمْ ثَمَنًا قَلِيلاً ) الآيَةَ (البخاري 2229)",
50," حَدَّثَنَا مُعَاوِيَةُ - يَعْنِى ابْنَ سَلاَّمٍ - عَنْ زَيْدٍ أَنَّهُ سَمِعَ أَبَا سَلاَّمٍ يَقُولُ حَدَّثَنِى أَبُو أُمَامَةَ الْبَاهِلِىُّ قَالَ سَمِعْتُ رَسُولَ اللَّهِ -صلى الله عليه وسلم- يَقُولُ « اقْرَءُوا الْقُرْآنَ فَإِنَّهُ يَأْتِى يَوْمَ الْقِيَامَةِ شَفِيعًا لأَصْحَابِهِ اقْرَءُوا الزَّهْرَاوَيْنِ الْبَقَرَةَ وَسُورَةَ آلِ عِمْرَانَ فَإِنَّهُمَا تَأْتِيَانِ يَوْمَ الْقِيَامَةِ كَأَنَّهُمَا غَمَامَتَانِ أَوْ كَأَنَّهُمَا غَيَايَتَانِ أَوْ كَأَنَّهُمَا فِرْقَانِ مِنْ طَيْرٍ صَوَافَّ تُحَاجَّانِ عَنْ أَصْحَابِهِمَا اقْرَءُوا سُورَةَ الْبَقَرَةِ فَإِنَّ أَخْذَهَا بَرَكَةٌ وَتَرْكَهَا حَسْرَةٌ وَلاَ تَسْتَطِيعُهَا الْبَطَلَةُ ». قَالَ مُعَاوِيَةُ بَلَغَنِى أَنَّ الْبَطَلَةَ السَّحَرَةُ. (مسلم 804) ", البطلة : السحرة / الصواف : جمع صافة وهى الباسطة أجنحتها فى الهواء / الغيايتان : مثنى غياية وهى السحابة / الفرقان : الجماعتان
51,"عَنْ أَنَسٍ قَالَ كَانَ النَّبِىُّ -صلى الله عليه وسلم- يَدْعُو بِهَؤُلاَءِ الدَّعَوَاتِ « اللَّهُمَّ إِنِّى أَعُوذُ بِكَ مِنَ الْبُخْلِ وَالْكَسَلِ وَأَرْذَلِ الْعُمُرِ وَعَذَابِ الْقَبْرِ وَفِتْنَةِ الْمَحْيَا وَالْمَمَاتِ ». (رواه مسلم 2706)",
52,"عَنْ أَبِى أُسَيْدٍ - قَالَ قَالَ رَسُولُ اللَّهِ -صلى الله عليه وسلم- « إِذَا دَخَلَ أَحَدُكُمُ الْمَسْجِدَ فَلْيَقُلِ اللَّهُمَّ افْتَحْ لِى أَبْوَابَ رَحْمَتِكَ. وَإِذَا خَرَجَ فَلْيَقُلِ اللَّهُمَّ إِنِّى أَسْأَلُكَ مِنْ فَضْلِكَ ».  (مسلم 713)",
53,"عَنْ أَبِى هُرَيْرَةَ أَنَّ النَّبِىَّ -صلى الله عليه وسلم- قَالَ « مَنْ أَدْرَكَ رَكْعَةً مِنَ الصَّلاَةِ فَقَدْ أَدْرَكَ الصَّلاَةَ ». (مسلم 607)",
